DATE,AvgTemp
01-01-2014,40
01-02-2014,43
01-03-2014,41
01-04-2014,37
01-05-2014,31
01-06-2014,31
01-07-2014,37
01-08-2014,36
01-09-2014,36
01-10-2014,39
01-11-2014,40
01-12-2014,39
1/13/2014,36
1/14/2014,39
1/15/2014,43
1/16/2014,45
1/17/2014,50
1/18/2014,46
1/19/2014,44
1/20/2014,45
1/21/2014,48
1/22/2014,38
1/23/2014,39
1/24/2014,47
1/25/2014,52
1/26/2014,50
1/27/2014,45
1/28/2014,34
1/29/2014,33
1/30/2014,34
1/31/2014,38
02-01-2014,43
02-02-2014,43
02-03-2014,43
02-04-2014,46
02-05-2014,46
02-06-2014,44
02-07-2014,46
02-08-2014,45
02-09-2014,46
02-10-2014,45
02-11-2014,43
02-12-2014,44
2/13/2014,42
2/14/2014,42
2/15/2014,47
2/16/2014,41
2/17/2014,40
2/18/2014,41
2/19/2014,41
2/20/2014,40
2/21/2014,41
2/22/2014,41
2/23/2014,41
2/24/2014,42
2/25/2014,40
2/26/2014,43
2/27/2014,46
2/28/2014,47
03-01-2014,48
03-02-2014,38
03-03-2014,37
03-04-2014,39
03-05-2014,40
03-06-2014,41
03-07-2014,44
03-08-2014,39
03-09-2014,42
03-10-2014,40
03-11-2014,40
03-12-2014,40
3/13/2014,44
3/14/2014,44
3/15/2014,40
3/16/2014,40
3/17/2014,45
3/18/2014,44
3/19/2014,44
3/20/2014,41
3/21/2014,39
3/22/2014,37
3/23/2014,39
3/24/2014,41
3/25/2014,44
3/26/2014,45
3/27/2014,39
3/28/2014,36
3/29/2014,36
3/30/2014,37
3/31/2014,37
04-01-2014,40
04-02-2014,43
04-03-2014,44
04-04-2014,41
04-05-2014,41
04-06-2014,42
04-07-2014,42
04-08-2014,44
04-09-2014,45
04-10-2014,45
04-11-2014,47
04-12-2014,44
4/13/2014,41
4/14/2014,41
4/15/2014,45
4/16/2014,50
4/17/2014,50
4/18/2014,52
4/19/2014,52
4/20/2014,49
4/21/2014,47
4/22/2014,48
4/23/2014,50
4/24/2014,50
4/25/2014,51
4/26/2014,54
4/27/2014,48
4/28/2014,47
4/29/2014,46
4/30/2014,44
05-01-2014,45
05-02-2014,45
05-03-2014,46
05-04-2014,46
05-05-2014,47
05-06-2014,49
05-07-2014,51
05-08-2014,52
05-09-2014,52
05-10-2014,49
05-11-2014,48
05-12-2014,47
5/13/2014,47
5/14/2014,48
5/15/2014,50
5/16/2014,52
5/17/2014,
5/18/2014,52
5/19/2014,52
5/20/2014,53
5/21/2014,55
5/22/2014,52
5/23/2014,50
5/24/2014,48
5/25/2014,45
5/26/2014,42
5/27/2014,42
5/28/2014,43
5/29/2014,44
5/30/2014,46
5/31/2014,43
06-01-2014,44
06-02-2014,42
06-03-2014,46
06-04-2014,45
06-05-2014,48
06-06-2014,44
06-07-2014,45
06-08-2014,48
06-09-2014,51
06-10-2014,52
06-11-2014,49
06-12-2014,45
6/13/2014,46
6/14/2014,50
6/15/2014,51
6/16/2014,50
6/17/2014,45
6/18/2014,44
6/19/2014,49
6/20/2014,46
6/21/2014,42
6/22/2014,45
6/23/2014,51
6/24/2014,51
6/25/2014,54
6/26/2014,56
6/27/2014,54
6/28/2014,53
6/29/2014,53
6/30/2014,52
07-01-2014,54
07-02-2014,54
07-03-2014,57
07-04-2014,56
07-05-2014,52
07-06-2014,49
07-07-2014,48
07-08-2014,50
07-09-2014,51
07-10-2014,53
07-11-2014,53
07-12-2014,52
7/13/2014,48
7/14/2014,46
7/15/2014,47
7/16/2014,46
7/17/2014,49
7/18/2014,48
7/19/2014,49
7/20/2014,46
7/21/2014,50
7/22/2014,48
7/23/2014,53
7/24/2014,54
7/25/2014,54
7/26/2014,50
7/27/2014,46
7/28/2014,47
7/29/2014,44
7/30/2014,47
7/31/2014,47
08-01-2014,53
08-02-2014,51
08-03-2014,52
08-04-2014,54
08-05-2014,52
08-06-2014,50
08-07-2014,46
08-08-2014,47
08-09-2014,48
08-10-2014,46
08-11-2014,48
08-12-2014,49
8/13/2014,52
8/14/2014,54
8/15/2014,54
8/16/2014,52
8/17/2014,49
8/18/2014,48
8/19/2014,46
8/20/2014,46
8/21/2014,48
8/22/2014,48
8/23/2014,52
8/24/2014,51
8/25/2014,51
8/26/2014,49
8/27/2014,48
8/28/2014,48
8/29/2014,47
8/30/2014,52
8/31/2014,51
09-01-2014,47
09-02-2014,51
09-03-2014,51
09-04-2014,51
09-05-2014,53
09-06-2014,50
09-07-2014,47
09-08-2014,46
09-09-2014,47
09-10-2014,48
09-11-2014,49
09-12-2014,50
9/13/2014,51
9/14/2014,51
9/15/2014,50
9/16/2014,46
9/17/2014,46
9/18/2014,46
9/19/2014,47
9/20/2014,46
9/21/2014,45
9/22/2014,48
9/23/2014,50
9/24/2014,50
9/25/2014,48
9/26/2014,51
9/27/2014,47
9/28/2014,49
9/29/2014,47
9/30/2014,44
10-01-2014,45
10-02-2014,45
10-03-2014,44
10-04-2014,45
10-05-2014,46
10-06-2014,46
10-07-2014,48
10-08-2014,49
10-09-2014,51
10-10-2014,49
10-11-2014,47
10-12-2014,45
10/13/2014,43
10/14/2014,46
10/15/2014,49
10/16/2014,52
10/17/2014,48
10/18/2014,46
10/19/2014,48
10/20/2014,51
10/21/2014,49
10/22/2014,48
10/23/2014,46
10/24/2014,49
10/25/2014,49
10/26/2014,48
10/27/2014,47
10/28/2014,49
10/29/2014,49
10/30/2014,48
10/31/2014,47
11-01-2014,44
11-02-2014,48
11-03-2014,47
11-04-2014,43
11-05-2014,48
11-06-2014,50
11-07-2014,48
11-08-2014,46
11-09-2014,48
11-10-2014,51
11-11-2014,50
11-12-2014,49
11/13/2014,48
11/14/2014,46
11/15/2014,44
11/16/2014,47
11/17/2014,50
11/18/2014,47
11/19/2014,47
11/20/2014,45
11/21/2014,47
11/22/2014,46
11/23/2014,43
11/24/2014,50
11/25/2014,51
11/26/2014,48
11/27/2014,48
11/28/2014,47
11/29/2014,45
11/30/2014,43
12-01-2014,44
12-02-2014,43
12-03-2014,45
12-04-2014,47
12-05-2014,45
12-06-2014,44
12-07-2014,46
12-08-2014,48
12-09-2014,48
12-10-2014,50
12-11-2014,51
12-12-2014,46
12/13/2014,47
12/14/2014,47
12/15/2014,49
12/16/2014,49
12/17/2014,48
12/18/2014,48
12/19/2014,51
12/20/2014,48
12/21/2014,44
12/22/2014,39
12/23/2014,36
12/24/2014,41
12/25/2014,47
12/26/2014,47
12/27/2014,44
12/28/2014,48
12/29/2014,45
12/30/2014,45
12/31/2014,44
01-01-2015,45
01-02-2015,37
01-03-2015,33
01-04-2015,38
01-05-2015,44
01-06-2015,45
01-07-2015,46
01-08-2015,48
01-09-2015,46
01-10-2015,43
01-11-2015,46
01-12-2015,49
1/13/2015,49
1/14/2015,47
1/15/2015,48
1/16/2015,48
1/17/2015,48
1/18/2015,47
1/19/2015,48
1/20/2015,46
1/21/2015,49
1/22/2015,47
1/23/2015,54
1/24/2015,51
1/25/2015,48
1/26/2015,51
1/27/2015,47
1/28/2015,45
1/29/2015,45
1/30/2015,45
1/31/2015,43
02-01-2015,45
02-02-2015,46
02-03-2015,48
02-04-2015,45
02-05-2015,44
02-06-2015,40
02-07-2015,43
02-08-2015,51
02-09-2015,49
02-10-2015,43
02-11-2015,44
02-12-2015,45
2/13/2015,47
2/14/2015,48
2/15/2015,44
2/16/2015,45
2/17/2015,45
2/18/2015,45
2/19/2015,47
2/20/2015,47
2/21/2015,44
2/22/2015,44
2/23/2015,47
2/24/2015,48
2/25/2015,48
2/26/2015,42
2/27/2015,42
2/28/2015,40
03-01-2015,39
03-02-2015,38
03-03-2015,40
03-04-2015,36
03-05-2015,41
03-06-2015,42
03-07-2015,46
03-08-2015,39
03-09-2015,35
03-10-2015,38
03-11-2015,34
03-12-2015,36
3/13/2015,36
3/14/2015,39
3/15/2015,42
3/16/2015,45
3/17/2015,47
3/18/2015,47
3/19/2015,50
3/20/2015,50
3/21/2015,51
3/22/2015,47
3/23/2015,48
3/24/2015,46
3/25/2015,46
3/26/2015,47
3/27/2015,49
3/28/2015,50
3/29/2015,48
3/30/2015,45
3/31/2015,41
04-01-2015,41
04-02-2015,40
04-03-2015,43
04-04-2015,45
04-05-2015,44
04-06-2015,44
04-07-2015,40
04-08-2015,43
04-09-2015,43
04-10-2015,42
04-11-2015,42
04-12-2015,41
4/13/2015,45
4/14/2015,46
4/15/2015,43
4/16/2015,41
4/17/2015,42
4/18/2015,45
4/19/2015,49
4/20/2015,50
4/21/2015,53
4/22/2015,50
4/23/2015,48
4/24/2015,51
4/25/2015,50
4/26/2015,48
4/27/2015,46
4/28/2015,44
4/29/2015,48
4/30/2015,47
05-01-2015,45
05-02-2015,43
05-03-2015,43
05-04-2015,48
05-05-2015,51
05-06-2015,53
05-07-2015,50
05-08-2015,49
05-09-2015,46
05-10-2015,44
05-11-2015,46
05-12-2015,44
5/13/2015,39
5/14/2015,40
5/15/2015,42
5/16/2015,45
5/17/2015,49
5/18/2015,48
5/19/2015,47
5/20/2015,47
5/21/2015,46
5/22/2015,49
5/23/2015,48
5/24/2015,49
5/25/2015,52
5/26/2015,54
5/27/2015,51
5/28/2015,52
5/29/2015,53
5/30/2015,48
5/31/2015,46
06-01-2015,46
06-02-2015,49
06-03-2015,48
06-04-2015,47
06-05-2015,45
06-06-2015,46
06-07-2015,47
06-08-2015,47
06-09-2015,46
06-10-2015,43
06-11-2015,40
06-12-2015,41
6/13/2015,46
6/14/2015,50
6/15/2015,52
6/16/2015,55
6/17/2015,56
6/18/2015,56
6/19/2015,52
6/20/2015,52
6/21/2015,53
6/22/2015,52
6/23/2015,56
6/24/2015,51
6/25/2015,51
6/26/2015,50
6/27/2015,47
6/28/2015,49
6/29/2015,48
6/30/2015,48
07-01-2015,46
07-02-2015,46
07-03-2015,47
07-04-2015,48
07-05-2015,50
07-06-2015,52
07-07-2015,47
07-08-2015,47
07-09-2015,47
07-10-2015,48
07-11-2015,53
07-12-2015,52
7/13/2015,51
7/14/2015,53
7/15/2015,55
7/16/2015,51
7/17/2015,48
7/18/2015,48
7/19/2015,50
7/20/2015,46
7/21/2015,43
7/22/2015,45
7/23/2015,49
7/24/2015,51
7/25/2015,51
7/26/2015,50
7/27/2015,50
7/28/2015,48
7/29/2015,54
7/30/2015,56
7/31/2015,54
08-01-2015,56
08-02-2015,49
08-03-2015,48
08-04-2015,47
08-05-2015,50
08-06-2015,48
08-07-2015,50
08-08-2015,54
08-09-2015,53
08-10-2015,50
08-11-2015,47
08-12-2015,48
8/13/2015,48
8/14/2015,50
8/15/2015,47
8/16/2015,47
8/17/2015,48
8/18/2015,46
8/19/2015,46
8/20/2015,45
8/21/2015,54
8/22/2015,53
8/23/2015,51
8/24/2015,46
8/25/2015,47
8/26/2015,49
8/27/2015,49
8/28/2015,51
8/29/2015,51
8/30/2015,49
8/31/2015,48
09-01-2015,51
09-02-2015,48
09-03-2015,47
09-04-2015,47
09-05-2015,47
09-06-2015,48
09-07-2015,48
09-08-2015,50
09-09-2015,53
09-10-2015,49
09-11-2015,51
09-12-2015,49
9/13/2015,53
9/14/2015,52
9/15/2015,49
9/16/2015,47
9/17/2015,46
9/18/2015,46
9/19/2015,47
9/20/2015,50
9/21/2015,49
9/22/2015,47
9/23/2015,46
9/24/2015,47
9/25/2015,47
9/26/2015,48
9/27/2015,47
9/28/2015,46
9/29/2015,45
9/30/2015,50
10-01-2015,48
10-02-2015,48
10-03-2015,53
10-04-2015,51
10-05-2015,50
10-06-2015,47
10-07-2015,52
10-08-2015,51
10-09-2015,49
10-10-2015,49
10-11-2015,52
10-12-2015,49
10/13/2015,48
10/14/2015,48
10/15/2015,47
10/16/2015,51
10/17/2015,48
10/18/2015,49
10/19/2015,50
10/20/2015,49
10/21/2015,48
10/22/2015,48
10/23/2015,47
10/24/2015,50
10/25/2015,53
10/26/2015,54
10/27/2015,53
10/28/2015,51
10/29/2015,46
10/30/2015,48
10/31/2015,52
11-01-2015,49
11-02-2015,50
11-03-2015,50
11-04-2015,50
11-05-2015,50
11-06-2015,50
11-07-2015,51
11-08-2015,49
11-09-2015,45
11-10-2015,43
11-11-2015,45
11-12-2015,44
11/13/2015,43
11/14/2015,44
11/15/2015,44
11/16/2015,44
11/17/2015,47
11/18/2015,45
11/19/2015,50
11/20/2015,47
11/21/2015,47
11/22/2015,50
11/23/2015,49
11/24/2015,48
11/25/2015,47
11/26/2015,48
11/27/2015,50
11/28/2015,47
11/29/2015,49
11/30/2015,52
12-01-2015,52
12-02-2015,51
12-03-2015,50
12-04-2015,49
12-05-2015,49
12-06-2015,51
12-07-2015,54
12-08-2015,52
12-09-2015,49
12-10-2015,47
12-11-2015,48
12-12-2015,47
12/13/2015,44
12/14/2015,45
12/15/2015,41
12/16/2015,44
12/17/2015,46
12/18/2015,46
12/19/2015,40
12/20/2015,42
12/21/2015,41
12/22/2015,43
12/23/2015,40
12/24/2015,41
12/25/2015,42
12/26/2015,42
12/27/2015,43
12/28/2015,40
12/29/2015,40
12/30/2015,44
12/31/2015,48
01-01-2016,48
01-02-2016,45
01-03-2016,47
01-04-2016,45
01-05-2016,43
01-06-2016,46
01-07-2016,48
01-08-2016,46
01-09-2016,47
01-10-2016,46
01-11-2016,47
01-12-2016,47
1/13/2016,48
1/14/2016,50
1/15/2016,48
1/16/2016,46
1/17/2016,47
1/18/2016,48
1/19/2016,50
1/20/2016,50
1/21/2016,50
1/22/2016,50
1/23/2016,49
1/24/2016,47
1/25/2016,45
1/26/2016,49
1/27/2016,48
1/28/2016,53
1/29/2016,57
1/30/2016,54
1/31/2016,50
02-01-2016,45
02-02-2016,45
02-03-2016,47
02-04-2016,49
02-05-2016,48
02-06-2016,47
02-07-2016,40
02-08-2016,42
02-09-2016,45
02-10-2016,45
02-11-2016,46
02-12-2016,50
2/13/2016,52
2/14/2016,51
2/15/2016,48
2/16/2016,48
2/17/2016,51
2/18/2016,48
2/19/2016,47
2/20/2016,48
2/21/2016,50
2/22/2016,52
2/23/2016,54
2/24/2016,54
2/25/2016,46
2/26/2016,45
2/27/2016,48
2/28/2016,46
2/29/2016,49
03-01-2016,50
03-02-2016,50
03-03-2016,51
03-04-2016,50
03-05-2016,48
03-06-2016,49
03-07-2016,49
03-08-2016,55
03-09-2016,50
03-10-2016,47
03-11-2016,44
03-12-2016,45
3/13/2016,46
3/14/2016,47
3/15/2016,44
3/16/2016,45
3/17/2016,45
3/18/2016,44
3/19/2016,46
3/20/2016,46
3/21/2016,46
3/22/2016,44
3/23/2016,40
3/24/2016,40
3/25/2016,41
3/26/2016,42
3/27/2016,47
3/28/2016,51
3/29/2016,52
3/30/2016,51
3/31/2016,52
04-01-2016,50
04-02-2016,50
04-03-2016,52
04-04-2016,54
04-05-2016,53
04-06-2016,50
04-07-2016,48
04-08-2016,46
04-09-2016,48
04-10-2016,47
04-11-2016,51
04-12-2016,50
4/13/2016,49
4/14/2016,49
4/15/2016,45
4/16/2016,44
4/17/2016,45
4/18/2016,48
4/19/2016,46
4/20/2016,
4/21/2016,50
4/22/2016,50
4/23/2016,50
4/24/2016,51
4/25/2016,48
4/26/2016,50
4/27/2016,51
4/28/2016,50
4/29/2016,53
4/30/2016,48
05-01-2016,49
05-02-2016,54
05-03-2016,52
05-04-2016,55
05-05-2016,51
05-06-2016,49
05-07-2016,47
05-08-2016,47
05-09-2016,44
05-10-2016,43
05-11-2016,45
05-12-2016,45
5/13/2016,44
5/14/2016,50
5/15/2016,52
5/16/2016,52
5/17/2016,52
5/18/2016,51
5/19/2016,51
5/20/2016,49
5/21/2016,49
5/22/2016,47
5/23/2016,44
5/24/2016,42
5/25/2016,43
5/26/2016,44
5/27/2016,44
5/28/2016,45
5/29/2016,46
5/30/2016,47
5/31/2016,49
06-01-2016,48
06-02-2016,49
06-03-2016,49
06-04-2016,52
06-05-2016,52
06-06-2016,51
06-07-2016,52
06-08-2016,52
06-09-2016,53
06-10-2016,53
06-11-2016,47
06-12-2016,49
6/13/2016,49
6/14/2016,48
6/15/2016,48
6/16/2016,52
6/17/2016,53
6/18/2016,51
6/19/2016,51
6/20/2016,49
6/21/2016,48
6/22/2016,48
6/23/2016,49
6/24/2016,50
6/25/2016,50
6/26/2016,48
6/27/2016,45
6/28/2016,46
6/29/2016,46
6/30/2016,51
07-01-2016,48
07-02-2016,53
07-03-2016,56
07-04-2016,51
07-05-2016,47
07-06-2016,47
07-07-2016,52
07-08-2016,52
07-09-2016,49
07-10-2016,45
07-11-2016,43
07-12-2016,45
7/13/2016,45
7/14/2016,48
7/15/2016,50
7/16/2016,48
7/17/2016,47
7/18/2016,44
7/19/2016,45
7/20/2016,48
7/21/2016,52
7/22/2016,49
7/23/2016,48
7/24/2016,48
7/25/2016,50
7/26/2016,50
7/27/2016,48
7/28/2016,49
7/29/2016,48
7/30/2016,48
7/31/2016,48
08-01-2016,49
08-02-2016,49
08-03-2016,47
08-04-2016,49
08-05-2016,52
08-06-2016,48
08-07-2016,49
08-08-2016,51
08-09-2016,50
08-10-2016,52
08-11-2016,51
08-12-2016,53
8/13/2016,48
8/14/2016,48
8/15/2016,48
8/16/2016,48
8/17/2016,50
8/18/2016,51
8/19/2016,50
8/20/2016,48
8/21/2016,47
8/22/2016,47
8/23/2016,48
8/24/2016,47
8/25/2016,48
8/26/2016,50
8/27/2016,46
8/28/2016,44
8/29/2016,44
8/30/2016,48
8/31/2016,46
09-01-2016,47
09-02-2016,50
09-03-2016,47
09-04-2016,47
09-05-2016,48
09-06-2016,49
09-07-2016,46
09-08-2016,44
09-09-2016,47
09-10-2016,48
09-11-2016,47
09-12-2016,50
9/13/2016,50
9/14/2016,46
9/15/2016,42
9/16/2016,47
9/17/2016,49
9/18/2016,49
9/19/2016,51
9/20/2016,51
9/21/2016,52
9/22/2016,48
9/23/2016,48
9/24/2016,47
9/25/2016,47
9/26/2016,50
9/27/2016,44
9/28/2016,45
9/29/2016,48
9/30/2016,49
10-01-2016,48
10-02-2016,46
10-03-2016,44
10-04-2016,46
10-05-2016,45
10-06-2016,44
10-07-2016,44
10-08-2016,45
10-09-2016,45
10-10-2016,49
10-11-2016,48
10-12-2016,51
10/13/2016,52
10/14/2016,54
10/15/2016,55
10/16/2016,49
10/17/2016,49
10/18/2016,48
10/19/2016,48
10/20/2016,45
10/21/2016,47
10/22/2016,47
10/23/2016,52
10/24/2016,52
10/25/2016,47
10/26/2016,50
10/27/2016,49
10/28/2016,48
10/29/2016,46
10/30/2016,47
10/31/2016,48
11-01-2016,49
11-02-2016,48
11-03-2016,51
11-04-2016,49
11-05-2016,50
11-06-2016,49
11-07-2016,47
11-08-2016,46
11-09-2016,48
11-10-2016,49
11-11-2016,47
11-12-2016,45
11/13/2016,48
11/14/2016,49
11/15/2016,48
11/16/2016,48
11/17/2016,48
11/18/2016,49
11/19/2016,50
11/20/2016,48
11/21/2016,46
11/22/2016,44
11/23/2016,49
11/24/2016,47
11/25/2016,48
11/26/2016,50
11/27/2016,49
11/28/2016,46
11/29/2016,45
11/30/2016,40
12-01-2016,34
12-02-2016,35
12-03-2016,40
12-04-2016,41
12-05-2016,47
12-06-2016,46
12-07-2016,43
12-08-2016,46
12-09-2016,45
12-10-2016,41
12-11-2016,44
12-12-2016,43
12/13/2016,42
12/14/2016,45
12/15/2016,44
12/16/2016,39
12/17/2016,42
12/18/2016,37
12/19/2016,44
12/20/2016,45
12/21/2016,45
12/22/2016,47
12/23/2016,47
12/24/2016,47
12/25/2016,42
12/26/2016,42
12/27/2016,44
12/28/2016,43
12/29/2016,37
12/30/2016,39
12/31/2016,38
01-01-2017,39
01-02-2017,43
01-03-2017,43
01-04-2017,42
01-05-2017,40
01-06-2017,41
01-07-2017,41
01-08-2017,43
01-09-2017,47
01-10-2017,45
01-11-2017,42
01-12-2017,39
1/13/2017,43
1/14/2017,44
1/15/2017,45
1/16/2017,45
1/17/2017,47
1/18/2017,46
1/19/2017,50
1/20/2017,51
1/21/2017,45
1/22/2017,42
1/23/2017,40
1/24/2017,38
1/25/2017,40
1/26/2017,46
1/27/2017,51
1/28/2017,46
1/29/2017,43
1/30/2017,40
1/31/2017,43
02-01-2017,40
02-02-2017,41
02-03-2017,41
02-04-2017,43
02-05-2017,49
02-06-2017,48
02-07-2017,45
02-08-2017,46
02-09-2017,48
02-10-2017,50
02-11-2017,43
02-12-2017,43
2/13/2017,47
2/14/2017,50
2/15/2017,49
2/16/2017,47
2/17/2017,49
2/18/2017,45
2/19/2017,40
2/20/2017,37
2/21/2017,33
2/22/2017,35
2/23/2017,34
2/24/2017,35
2/25/2017,39
2/26/2017,40
2/27/2017,38
2/28/2017,39
03-01-2017,39
03-02-2017,41
03-03-2017,43
03-04-2017,43
03-05-2017,44
03-06-2017,42
03-07-2017,43
03-08-2017,43
03-09-2017,41
03-10-2017,41
03-11-2017,37
03-12-2017,38
3/13/2017,42
3/14/2017,45
3/15/2017,47
3/16/2017,45
3/17/2017,46
3/18/2017,49
3/19/2017,48
3/20/2017,47
3/21/2017,50
3/22/2017,51
3/23/2017,44
3/24/2017,48
3/25/2017,46
3/26/2017,46
3/27/2017,49
3/28/2017,48
3/29/2017,50
3/30/2017,47
3/31/2017,46
04-01-2017,45
04-02-2017,45
04-03-2017,47
04-04-2017,51
04-05-2017,55
04-06-2017,54
04-07-2017,55
04-08-2017,53
04-09-2017,49
04-10-2017,46
04-11-2017,46
04-12-2017,41
4/13/2017,46
4/14/2017,41
4/15/2017,43
4/16/2017,45
4/17/2017,45
4/18/2017,44
4/19/2017,
4/20/2017,44
4/21/2017,46
4/22/2017,50
4/23/2017,47
4/24/2017,47
4/25/2017,50
4/26/2017,52
4/27/2017,50
4/28/2017,44
4/29/2017,43
4/30/2017,40
05-01-2017,41
05-02-2017,42
05-03-2017,42
05-04-2017,49
05-05-2017,49
05-06-2017,51
05-07-2017,48
05-08-2017,48
05-09-2017,46
05-10-2017,44
05-11-2017,43
05-12-2017,48
5/13/2017,47
5/14/2017,46
5/15/2017,44
5/16/2017,44
5/17/2017,44
5/18/2017,42
5/19/2017,43
5/20/2017,48
5/21/2017,50
5/22/2017,53
5/23/2017,54
5/24/2017,48
5/25/2017,46
5/26/2017,43
5/27/2017,41
5/28/2017,41
5/29/2017,46
5/30/2017,46
5/31/2017,51
06-01-2017,54
06-02-2017,54
06-03-2017,54
06-04-2017,54
06-05-2017,51
06-06-2017,51
06-07-2017,53
06-08-2017,56
06-09-2017,56
06-10-2017,53
06-11-2017,51
06-12-2017,50
6/13/2017,50
6/14/2017,48
6/15/2017,47
6/16/2017,49
6/17/2017,51
6/18/2017,53
6/19/2017,56
6/20/2017,56
6/21/2017,55
6/22/2017,54
6/23/2017,51
6/24/2017,54
6/25/2017,51
6/26/2017,51
6/27/2017,54
6/28/2017,49
6/29/2017,52
6/30/2017,53
07-01-2017,49
07-02-2017,47
07-03-2017,51
07-04-2017,48
07-05-2017,48
07-06-2017,49
07-07-2017,50
07-08-2017,49
07-09-2017,47
07-10-2017,46
07-11-2017,47
07-12-2017,49
7/13/2017,49
7/14/2017,46
7/15/2017,44
7/16/2017,50
7/17/2017,50
7/18/2017,47
7/19/2017,50
7/20/2017,51
7/21/2017,50
7/22/2017,51
7/23/2017,51
7/24/2017,48
7/25/2017,49
7/26/2017,48
7/27/2017,51
7/28/2017,52
7/29/2017,49
7/30/2017,53
7/31/2017,54
08-01-2017,49
08-02-2017,47
08-03-2017,47
08-04-2017,53
08-05-2017,55
08-06-2017,51
08-07-2017,51
08-08-2017,51
08-09-2017,50
08-10-2017,50
08-11-2017,54
08-12-2017,57
8/13/2017,54
8/14/2017,51
8/15/2017,51
8/16/2017,51
8/17/2017,50
8/18/2017,51
8/19/2017,48
8/20/2017,48
8/21/2017,44
8/22/2017,49
8/23/2017,52
8/24/2017,53
8/25/2017,53
8/26/2017,50
8/27/2017,49
8/28/2017,47
8/29/2017,46
8/30/2017,46
8/31/2017,50
09-01-2017,54
09-02-2017,48
09-03-2017,51
09-04-2017,49
09-05-2017,49
09-06-2017,48
09-07-2017,45
09-08-2017,46
09-09-2017,45
09-10-2017,46
09-11-2017,48
09-12-2017,50
9/13/2017,50
9/14/2017,51
9/15/2017,51
9/16/2017,51
9/17/2017,55
9/18/2017,51
9/19/2017,48
9/20/2017,44
9/21/2017,46
9/22/2017,44
9/23/2017,47
9/24/2017,45
9/25/2017,48
9/26/2017,47
9/27/2017,49
9/28/2017,50
9/29/2017,51
9/30/2017,44
10-01-2017,45
10-02-2017,46
10-03-2017,48
10-04-2017,50
10-05-2017,51
10-06-2017,51
10-07-2017,48
10-08-2017,50
10-09-2017,54
10-10-2017,52
10-11-2017,51
10-12-2017,49
10/13/2017,46
10/14/2017,46
10/15/2017,45
10/16/2017,48
10/17/2017,49
10/18/2017,52
10/19/2017,51
10/20/2017,47
10/21/2017,48
10/22/2017,46
10/23/2017,47
10/24/2017,49
10/25/2017,48
10/26/2017,51
10/27/2017,50
10/28/2017,51
10/29/2017,48
10/30/2017,46
10/31/2017,44
11-01-2017,46
11-02-2017,47
11-03-2017,49
11-04-2017,48
11-05-2017,50
11-06-2017,53
11-07-2017,52
11-08-2017,51
11-09-2017,49
11-10-2017,48
11-11-2017,46
11-12-2017,42
11/13/2017,42
11/14/2017,43
11/15/2017,43
11/16/2017,41
11/17/2017,43
11/18/2017,43
11/19/2017,42
11/20/2017,42
11/21/2017,41
11/22/2017,41
11/23/2017,39
11/24/2017,43
11/25/2017,40
11/26/2017,41
11/27/2017,40
11/28/2017,44
11/29/2017,44
11/30/2017,43
12-01-2017,44
12-02-2017,40
12-03-2017,43
12-04-2017,45
12-05-2017,41
12-06-2017,40
12-07-2017,42
12-08-2017,43
12-09-2017,48
12-10-2017,44
12-11-2017,44
12-12-2017,46
12/13/2017,39
12/14/2017,38
12/15/2017,38
12/16/2017,41
12/17/2017,44
12/18/2017,43
12/19/2017,39
12/20/2017,36
12/21/2017,36
12/22/2017,40
12/23/2017,43
12/24/2017,45
12/25/2017,42
12/26/2017,44
12/27/2017,45
12/28/2017,43
12/29/2017,43
12/30/2017,44
12/31/2017,44
01-01-2018,44
01-02-2018,44
01-03-2018,42
01-04-2018,47
01-05-2018,47
01-06-2018,49
01-07-2018,46
01-08-2018,47
01-09-2018,42
01-10-2018,39
01-11-2018,39
01-12-2018,42
1/13/2018,45
1/14/2018,46
1/15/2018,45
1/16/2018,47
1/17/2018,47
1/18/2018,45
1/19/2018,46
1/20/2018,42
1/21/2018,41
1/22/2018,41
1/23/2018,40
1/24/2018,41
1/25/2018,40
1/26/2018,39
1/27/2018,39
1/28/2018,38
1/29/2018,39
1/30/2018,42
1/31/2018,40
02-01-2018,43
02-02-2018,44
02-03-2018,44
02-04-2018,42
02-05-2018,40
02-06-2018,36
02-07-2018,35
02-08-2018,38
02-09-2018,37
02-10-2018,39
02-11-2018,42
02-12-2018,44
2/13/2018,48
2/14/2018,48
2/15/2018,48
2/16/2018,47
2/17/2018,38
2/18/2018,40
2/19/2018,37
2/20/2018,39
2/21/2018,41
2/22/2018,38
2/23/2018,40
2/24/2018,43
2/25/2018,42
2/26/2018,43
2/27/2018,44
2/28/2018,48
03-01-2018,47
03-02-2018,47
03-03-2018,46
03-04-2018,46
03-05-2018,40
03-06-2018,39
03-07-2018,37
03-08-2018,38
03-09-2018,40
03-10-2018,42
03-11-2018,44
03-12-2018,42
3/13/2018,41
3/14/2018,44
3/15/2018,42
3/16/2018,42
3/17/2018,44
3/18/2018,44
3/19/2018,42
3/20/2018,40
3/21/2018,42
3/22/2018,41
3/23/2018,44
3/24/2018,38
3/25/2018,42
3/26/2018,40
3/27/2018,43
3/28/2018,45
3/29/2018,44
3/30/2018,43
3/31/2018,41
04-01-2018,43
04-02-2018,47
04-03-2018,46
04-04-2018,51
04-05-2018,49
04-06-2018,48
04-07-2018,44
04-08-2018,44
04-09-2018,43
04-10-2018,46
04-11-2018,46
04-12-2018,45
4/13/2018,42
4/14/2018,43
4/15/2018,41
4/16/2018,44
4/17/2018,45
4/18/2018,48
4/19/2018,43
4/20/2018,39
4/21/2018,44
4/22/2018,48
4/23/2018,50
4/24/2018,47
4/25/2018,43
4/26/2018,44
4/27/2018,45
4/28/2018,46
4/29/2018,50
4/30/2018,48
05-01-2018,49
05-02-2018,46
05-03-2018,48
05-04-2018,46
05-05-2018,48
05-06-2018,48
05-07-2018,49
05-08-2018,49
05-09-2018,50
05-10-2018,48
05-11-2018,46
05-12-2018,45
5/13/2018,44
5/14/2018,44
5/15/2018,46
5/16/2018,44
5/17/2018,44
5/18/2018,46
5/19/2018,50
5/20/2018,50
5/21/2018,49
5/22/2018,50
5/23/2018,52
5/24/2018,56
5/25/2018,55
5/26/2018,56
5/27/2018,53
5/28/2018,50
5/29/2018,47
5/30/2018,52
5/31/2018,55
06-01-2018,53
06-02-2018,54
06-03-2018,56
06-04-2018,55
06-05-2018,52
06-06-2018,46
06-07-2018,49
06-08-2018,47
06-09-2018,50
06-10-2018,49
06-11-2018,48
06-12-2018,45
6/13/2018,46
6/14/2018,47
6/15/2018,47
6/16/2018,46
6/17/2018,51
6/18/2018,51
6/19/2018,51
6/20/2018,53
6/21/2018,52
6/22/2018,52
6/23/2018,53
6/24/2018,51
6/25/2018,49
6/26/2018,49
6/27/2018,50
6/28/2018,51
6/29/2018,47
6/30/2018,50
07-01-2018,46
07-02-2018,44
07-03-2018,46
07-04-2018,47
07-05-2018,51
07-06-2018,51
07-07-2018,47
07-08-2018,46
07-09-2018,43
07-10-2018,47
07-11-2018,51
07-12-2018,51
7/13/2018,53
7/14/2018,49
7/15/2018,48
7/16/2018,52
7/17/2018,53
7/18/2018,51
7/19/2018,50
7/20/2018,50
7/21/2018,53
7/22/2018,54
7/23/2018,53
7/24/2018,51
7/25/2018,50
7/26/2018,50
7/27/2018,51
7/28/2018,53
7/29/2018,53
7/30/2018,49
7/31/2018,50
08-01-2018,50
08-02-2018,47
08-03-2018,49
08-04-2018,51
08-05-2018,55
08-06-2018,56
08-07-2018,55
08-08-2018,49
08-09-2018,52
08-10-2018,49
08-11-2018,49
08-12-2018,50
8/13/2018,50
8/14/2018,47
8/15/2018,48
8/16/2018,47
8/17/2018,47
8/18/2018,51
8/19/2018,50
8/20/2018,50
8/21/2018,50
8/22/2018,47
8/23/2018,46
8/24/2018,50
8/25/2018,50
8/26/2018,46
8/27/2018,46
8/28/2018,45
8/29/2018,48
8/30/2018,47
8/31/2018,46
09-01-2018,47
09-02-2018,48
09-03-2018,50
09-04-2018,49
09-05-2018,50
09-06-2018,46
09-07-2018,46
09-08-2018,46
09-09-2018,47
09-10-2018,47
09-11-2018,50
09-12-2018,47
9/13/2018,46
9/14/2018,46
9/15/2018,47
9/16/2018,48
9/17/2018,49
9/18/2018,47
9/19/2018,50
9/20/2018,49
9/21/2018,51
9/22/2018,54
9/23/2018,54
9/24/2018,51
9/25/2018,49
9/26/2018,47
9/27/2018,48
9/28/2018,51
9/29/2018,52
9/30/2018,53
10-01-2018,52
10-02-2018,49
10-03-2018,50
10-04-2018,51
10-05-2018,49
10-06-2018,46
10-07-2018,47
10-08-2018,47
10-09-2018,46
10-10-2018,45
10-11-2018,46
10-12-2018,46
10/13/2018,48
10/14/2018,48
10/15/2018,45
10/16/2018,48
10/17/2018,45
10/18/2018,44
10/19/2018,
10/20/2018,43
10/21/2018,42
10/22/2018,44
10/23/2018,45
10/24/2018,47
10/25/2018,47
10/26/2018,45
10/27/2018,45
10/28/2018,47
10/29/2018,46
10/30/2018,49
10/31/2018,49
11-01-2018,49
11-02-2018,44
11-03-2018,40
11-04-2018,40
11-05-2018,43
11-06-2018,40
11-07-2018,42
11-08-2018,42
11-09-2018,45
11-10-2018,46
11-11-2018,43
11-12-2018,45
11/13/2018,46
11/14/2018,47
11/15/2018,46
11/16/2018,46
11/17/2018,46
11/18/2018,44
11/19/2018,43
11/20/2018,45
11/21/2018,44
11/22/2018,41
11/23/2018,42
11/24/2018,48
11/25/2018,48
11/26/2018,49
11/27/2018,49
11/28/2018,49
11/29/2018,48
11/30/2018,45
12-01-2018,44
12-02-2018,42
12-03-2018,45
12-04-2018,48
12-05-2018,45
12-06-2018,44
12-07-2018,45
12-08-2018,44
12-09-2018,45
12-10-2018,46
12-11-2018,47
12-12-2018,47
12/13/2018,45
12/14/2018,46
12/15/2018,47
12/16/2018,49
12/17/2018,51
12/18/2018,43
12/19/2018,42
12/20/2018,48
12/21/2018,50
12/22/2018,47
12/23/2018,47
12/24/2018,44
12/25/2018,42
12/26/2018,40
12/27/2018,39
12/28/2018,40
12/29/2018,42
12/30/2018,46
